nose_x,nose_y,nose_z,nose_visibility,left_shoulder_x,left_shoulder_y,left_shoulder_z,left_shoulder_visibility,right_shoulder_x,right_shoulder_y,right_shoulder_z,right_shoulder_visibility,left_hip_x,left_hip_y,left_hip_z,left_hip_visibility,right_hip_x,right_hip_y,right_hip_z,right_hip_visibility,left_knee_x,left_knee_y,left_knee_z,left_knee_visibility,right_knee_x,right_knee_y,right_knee_z,right_knee_visibility,left_ankle_x,left_ankle_y,left_ankle_z,left_ankle_visibility,right_ankle_x,right_ankle_y,right_ankle_z,right_ankle_visibility,left_wrist_x,left_wrist_y,left_wrist_z,left_wrist_visibility,right_wrist_x,right_wrist_y,right_wrist_z,right_wrist_visibility,trunk_lateral_inclination,center_mass_x,center_mass_y,left_knee_angle,right_knee_angle,person_height,center_mass_velocity_x,center_mass_velocity_y,center_mass_acceleration_x,center_mass_acceleration_y,body_orientation,torso_leg_ratio,frame,timestamp
0.47922053933143616,0.6786870956420898,0.0016005679499357939,0.9778555035591125,0.5049233436584473,0.606128454208374,-0.10790951550006866,0.9983640313148499,0.43377798795700073,0.6074982285499573,-0.06120049208402634,0.9933440685272217,0.4826880097389221,0.38308441638946533,-0.0264099333435297,0.9999032020568848,0.4423758089542389,0.39318880438804626,0.026209447532892227,0.9998025298118591,0.48617902398109436,0.26921677589416504,0.05645129829645157,0.47786104679107666,0.4564147889614105,0.2762748897075653,0.1225239485502243,0.12250834703445435,0.47566336393356323,0.22737039625644684,0.1537380963563919,0.13265086710453033,0.46590834856033325,0.2360234558582306,0.22136685252189636,0.06104803830385208,0.5174335241317749,0.7008669376373291,-0.040343549102544785,0.7819417119026184,0.46222996711730957,0.6646069288253784,0.03627217561006546,0.2907460033893585,1.7860126957384541,0.4625319093465805,0.3881366103887558,148.54292005302537,151.7507169657076,0.48419982146951646,0.0,0.0,0.0,0.0,178.8970103158565,13.316577432241493,0,1762115095.6223688
0.475516140460968,0.6775850653648376,-0.0038712129462510347,0.9796085953712463,0.5042611360549927,0.6087966561317444,-0.11802548170089722,0.9984079599380493,0.43372321128845215,0.6070676445960999,-0.055976223200559616,0.9935779571533203,0.4841541349887848,0.38527199625968933,-0.02646884322166443,0.9999054074287415,0.44280752539634705,0.3934711813926697,0.02624521590769291,0.9998051524162292,0.48559147119522095,0.269243985414505,0.07361500710248947,0.46346989274024963,0.4560641646385193,0.27498576045036316,0.14366474747657776,0.1195598766207695,0.47217613458633423,0.1828491985797882,0.1456618756055832,0.1443093866109848,0.45641788840293884,0.18681062757968903,0.20651328563690186,0.06787370145320892,0.5171756148338318,0.7073309421539307,-0.18283537030220032,0.7950945496559143,0.44814223051071167,0.7029308676719666,-0.056749630719423294,0.322366863489151,1.44449580774517,0.4634808301925659,0.3893715888261795,172.57494938349066,169.75709842752912,0.5247081820788981,0.015112344085204944,0.019668046247603137,0.24067649553263126,0.313229795335397,-178.59585845724303,0.843770179776985,1,1762115095.68516
0.4757830500602722,0.6789447069168091,-0.0034955167211592197,0.9813212752342224,0.5041734576225281,0.6086492538452148,-0.11635474860668182,0.998469889163971,0.4340905249118805,0.6025240421295166,-0.04095711186528206,0.9939000010490417,0.48571816086769104,0.38489794731140137,-0.026470446959137917,0.9999090433120728,0.44399720430374146,0.3910667300224304,0.026242952793836594,0.999811053276062,0.48608464002609253,0.26929646730422974,0.08974917978048325,0.4463954269886017,0.4560677409172058,0.2733089029788971,0.15624721348285675,0.1156001165509224,0.4717649817466736,0.1684059500694275,0.13249066472053528,0.1556815654039383,0.452840656042099,0.17214573919773102,0.19099877774715424,0.07491438090801239,0.5225424766540527,0.7156476378440857,-0.1801927089691162,0.8102053999900818,0.44760289788246155,0.7128360271453857,-0.03163381665945053,0.35654276609420776,1.1252918621548755,0.46485768258571625,0.3879823386669159,156.60155931747443,150.59001187706386,0.5350047329960993,0.01916139377007406,-0.01933393113104876,0.05634985695805109,-0.5427831262681136,-175.0050711938041,0.48713559072014895,2,1762115095.7570155
0.47630181908607483,0.6797606348991394,0.005821850150823593,0.9826862215995789,0.504186749458313,0.6082777380943298,-0.09469734132289886,0.9985334277153015,0.43479523062705994,0.6011600494384766,-0.03701290115714073,0.9942120313644409,0.48692554235458374,0.3848518431186676,-0.0257613155990839,0.999911904335022,0.44487786293029785,0.3909691572189331,0.02548828348517418,0.9998164772987366,0.4861893057823181,0.2693042457103729,0.08070331066846848,0.42559903860092163,0.45561742782592773,0.27256256341934204,0.14656773209571838,0.11077861487865448,0.4686475694179535,0.17724500596523285,0.1350392997264862,0.1523999571800232,0.44967466592788696,0.17924876511096954,0.18868973851203918,0.074846550822258,0.523586630821228,0.7141562700271606,-0.07203872501850128,0.8156798481941223,0.44859448075294495,0.7011705040931702,0.04008534923195839,0.375582754611969,0.9484514481112183,0.4659017026424408,0.38791050016880035,164.91593034350277,157.5564666153788,0.5255084766032752,0.013780817671420838,-0.0009482511738566699,-0.07102233113736829,0.24268662428772586,-174.14348815047836,0.30564687508065036,3,1762115095.8327744
0.47664767503738403,0.6797592639923096,0.005053581669926643,0.9839426279067993,0.5071406364440918,0.60824054479599,-0.09423572570085526,0.9985750317573547,0.43530601263046265,0.595789909362793,-0.04568685591220856,0.9945756793022156,0.48838844895362854,0.3820502460002899,-0.021699827164411545,0.9999163746833801,0.44502535462379456,0.3864232897758484,0.021331310272216797,0.9998272061347961,0.4866207540035248,0.2613818049430847,0.07719994336366653,0.4007895886898041,0.4419194161891937,0.25795358419418335,0.1442250907421112,0.1059761494398117,0.4605206847190857,0.17000289261341095,0.09715243428945541,0.15096552670001984,0.43837642669677734,0.167289599776268,0.1481008231639862,0.07763519138097763,0.523328959941864,0.7214859127998352,-0.1471492052078247,0.819291353225708,0.4453814923763275,0.7075486779212952,-0.11273927986621857,0.4081772565841675,1.188064577695427,0.46670690178871155,0.38423676788806915,149.42819966805294,138.71408281566025,0.525166383585768,0.012751076040172166,-0.058176961413576984,-0.01630691475841135,-0.9062697586396582,-170.16697758144187,0.30469986803276244,4,1762115095.895922
0.47764086723327637,0.6795613765716553,0.021594688296318054,0.9850392937660217,0.5081287622451782,0.6083730459213257,-0.07491855323314667,0.9986149668693542,0.4357113242149353,0.5967040657997131,-0.036548033356666565,0.9949008226394653,0.48896342515945435,0.38206058740615845,-0.021161790937185287,0.999918520450592,0.44554081559181213,0.38675519824028015,0.020784424617886543,0.9998309016227722,0.48996567726135254,0.2618692219257355,0.059492241591215134,0.3760283589363098,0.4413013458251953,0.25950467586517334,0.1383034586906433,0.09965673089027405,0.4627667963504791,0.15325169265270233,0.03843503072857857,0.15084755420684814,0.443665087223053,0.1487884521484375,0.10328754037618637,0.07954053580760956,0.5236212015151978,0.7204850316047668,-0.09381429105997086,0.8217077851295471,0.44075003266334534,0.7057629227638245,-0.11014984548091888,0.43666377663612366,1.2259233064376283,0.46725212037563324,0.3844078928232193,133.38721029321567,119.67526096537374,0.5313940955666807,0.008564648359961948,0.0026881418395092245,-0.06576313028477426,0.9561086493742931,-170.84632974816083,0.37588248453307815,5,1762115095.9595811
0.4781278669834137,0.6795355081558228,0.02910752035677433,0.9853025674819946,0.5083533525466919,0.6084396243095398,-0.07432375103235245,0.9985745549201965,0.43665963411331177,0.5965486168861389,-0.03091050125658512,0.9948816895484924,0.4886956810951233,0.3816699981689453,-0.02141142077744007,0.9999136924743652,0.44573235511779785,0.38618388772010803,0.021061308681964874,0.9998219013214111,0.4900687634944916,0.26227810978889465,0.05253354832530022,0.3504948019981384,0.44247618317604065,0.259565532207489,0.13301731646060944,0.09335209429264069,0.46278253197669983,0.14634940028190613,0.05012499541044235,0.14645478129386902,0.44337430596351624,0.13927330076694489,0.11534999310970306,0.07844910770654678,0.522942304611206,0.7174345254898071,-0.05929303914308548,0.8089651465415955,0.4410427510738373,0.7028165459632874,0.010076778009533882,0.44136691093444824,1.387112425841134,0.46721401810646057,0.3839269429445267,144.52759296356007,130.13826937603784,0.5399782128306407,-0.0005992489350851932,-0.007564082373410127,-0.14412411162184052,-0.1612406445927244,-170.58274077825848,0.40109537081682606,6,1762115096.0231645
0.4781826436519623,0.6776968836784363,0.0220804326236248,0.9858717322349548,0.5083953738212585,0.60842365026474,-0.08227406442165375,0.9985862970352173,0.43660539388656616,0.5934562683105469,-0.043096404522657394,0.9950247406959534,0.48882055282592773,0.37853649258613586,-0.02022341638803482,0.9999139904975891,0.44568300247192383,0.38198599219322205,0.019867831841111183,0.999821126461029,0.49056991934776306,0.26209527254104614,0.06164366751909256,0.327638179063797,0.4404590129852295,0.2596283257007599,0.133231520652771,0.08771343529224396,0.46348196268081665,0.1446954905986786,0.0636075884103775,0.14306838810443878,0.4427669942378998,0.14276520907878876,0.12408246099948883,0.07777047902345657,0.5213762521743774,0.7186658978462219,-0.13317881524562836,0.8071471452713013,0.4392353594303131,0.7073494791984558,-0.10941574722528458,0.4622803330421448,1.3624616977083348,0.4672517776489258,0.38026124238967896,143.46589831733243,132.62173958979216,0.5393499120053722,0.0004722846799348717,-0.045849448914229825,0.013402411082588668,-0.47886152486036837,-168.22319326042,0.4235825528228887,7,1762115096.1031153
0.47961193323135376,0.6785312294960022,0.024263322353363037,0.9868494272232056,0.5082909464836121,0.6096384525299072,-0.08512226492166519,0.9986258149147034,0.43672260642051697,0.5973294377326965,-0.025639262050390244,0.9951571822166443,0.48869651556015015,0.38164222240448,-0.027507860213518143,0.99991375207901,0.44551172852516174,0.3864467144012451,0.027146706357598305,0.9998172521591187,0.49025869369506836,0.2672905921936035,0.06182192638516426,0.31689032912254333,0.4469693601131439,0.2667748034000397,0.1491367667913437,0.08302672207355499,0.4634461998939514,0.15458543598651886,0.06571796536445618,0.14960649609565735,0.44339409470558167,0.15442262589931488,0.13856084644794464,0.07975387573242188,0.5213748216629028,0.7182786464691162,-0.12636612355709076,0.8154076933860779,0.44092926383018494,0.7111194133758545,-0.03502131998538971,0.47871583700180054,1.410351401029873,0.46710412204265594,0.38404446840286255,141.65864037935518,129.0255466784309,0.5304292590564827,-0.001632575188415883,0.04182977590438306,-0.023272682175588692,0.9694378059497171,-170.24119389744675,0.3555575661070452,8,1762115096.1935587
0.47725382447242737,0.6740512251853943,-0.0011795549653470516,0.9873808026313782,0.5076123476028442,0.609619677066803,-0.12175349146127701,0.9986291527748108,0.43556299805641174,0.597425103187561,-0.05052247643470764,0.9951258301734924,0.4886632561683655,0.3780732750892639,-0.03254441171884537,0.9999178051948547,0.4440024495124817,0.38525062799453735,0.03216799348592758,0.9998228549957275,0.48898211121559143,0.2672448456287384,0.07780633866786957,0.31330356001853943,0.4510190486907959,0.269006609916687,0.18329839408397675,0.079257532954216,0.46371370553970337,0.16844266653060913,0.0771467387676239,0.17184974253177643,0.4443301260471344,0.1714615523815155,0.1730300933122635,0.0892617478966713,0.518897533416748,0.7215909361839294,-0.20038452744483948,0.8236130475997925,0.4421462416648865,0.7195470929145813,-0.11570300906896591,0.5047978758811951,1.356811189350228,0.4663328528404236,0.38166195154190063,132.95382537041132,121.28194884770139,0.5201915421859117,-0.012218423169750603,-0.037743759418943264,-0.1677006807379698,-1.260601518742588,-170.39355346988398,0.32884420702859557,9,1762115096.2566822
0.4773615300655365,0.6895849704742432,-0.011829893104732037,0.9884852170944214,0.5060000419616699,0.6123940944671631,-0.12565989792346954,0.9986701607704163,0.4353029727935791,0.606285572052002,-0.05358273908495903,0.9953446388244629,0.4884282946586609,0.379326194524765,-0.03598196059465408,0.9999215602874756,0.44313129782676697,0.39069920778274536,0.03561541810631752,0.9998309016227722,0.48926717042922974,0.2784324288368225,0.09681227058172226,0.3205585479736328,0.45208144187927246,0.2811865508556366,0.19879403710365295,0.07759170979261398,0.4621913433074951,0.18521182239055634,0.11808130890130997,0.1974930763244629,0.4436855912208557,0.1857081800699234,0.20378074049949646,0.10239537060260773,0.5196899175643921,0.7226343750953674,-0.19858500361442566,0.8331394791603088,0.4404039978981018,0.7255097031593323,-0.10328604280948639,0.5272477269172668,1.244096580028233,0.46577979624271393,0.3850127011537552,137.43348997421592,126.3615689946153,0.5334649054368424,-0.006884244530443144,0.04170889522667648,0.06639788816213937,0.9889973384974342,-175.06167001597314,0.27466625620850954,10,1762115096.3370187
0.4797288477420807,0.6950310468673706,-0.010290983133018017,0.9894517064094543,0.5116867423057556,0.6177722215652466,-0.12706537544727325,0.9986980557441711,0.43734854459762573,0.6163151860237122,-0.08403338491916656,0.9956234693527222,0.48950785398483276,0.3872605264186859,-0.03223443776369095,0.9999241828918457,0.44386976957321167,0.397900253534317,0.031840771436691284,0.9998390674591064,0.4921112656593323,0.305573433637619,0.125303715467453,0.3182854652404785,0.45389994978904724,0.2956031560897827,0.19882377982139587,0.08183583617210388,0.4636750817298889,0.19812527298927307,0.14378732442855835,0.23229607939720154,0.44426053762435913,0.191914364695549,0.1989470273256302,0.13933254778385162,0.5196962356567383,0.7224663496017456,-0.20934033393859863,0.8371942043304443,0.4412306249141693,0.7371110916137695,-0.19074848294258118,0.5562036633491516,1.9975525240291454,0.4666888117790222,0.39258038997650146,125.50747336613303,121.0449156148013,0.5326110644439858,0.009871955703314743,0.08218549172220582,0.18197320051901703,0.4395779298202155,-178.87714120169915,0.41120409247027223,11,1762115096.4290993
0.48315930366516113,0.6930161714553833,0.0013660585973411798,0.9896693229675293,0.5167752504348755,0.6145836114883423,-0.11900699138641357,0.9986628890037537,0.4372859597206116,0.6142346262931824,-0.08000307530164719,0.9956650733947754,0.49204832315444946,0.37544941902160645,-0.02186630293726921,0.9999245405197144,0.4438489079475403,0.3879050016403198,0.021462980657815933,0.9998427033424377,0.4932071268558502,0.3032371997833252,0.15176913142204285,0.30593985319137573,0.4538119435310364,0.2932157516479492,0.19651567935943604,0.08370063453912735,0.4639512896537781,0.20192240178585052,0.1710798293352127,0.24973765015602112,0.4444168210029602,0.1966874897480011,0.20630522072315216,0.16213756799697876,0.517740786075592,0.728509783744812,-0.1794673353433609,0.8445859551429749,0.44691896438598633,0.7358579635620117,-0.13064932823181152,0.5760636329650879,2.2347420032680936,0.4679486155509949,0.38167721033096313,121.83595601319604,123.63701376444573,0.528849264358775,0.013559948367494103,-0.11735681089723027,0.03969585678225337,-2.147781567929109,-179.7484535319662,0.46992466244001174,12,1762115096.5220056
0.48470601439476013,0.6913728713989258,0.022374337539076805,0.9904020428657532,0.5186417102813721,0.6127540469169617,-0.11226191371679306,0.9986716508865356,0.4372205138206482,0.6127637028694153,-0.0768716111779213,0.9959293007850647,0.49216991662979126,0.37162789702415466,-0.020658161491155624,0.9999293684959412,0.44305282831192017,0.38249829411506653,0.020238090306520462,0.9998540878295898,0.4930838942527771,0.31150513887405396,0.14585691690444946,0.287771612405777,0.4536653161048889,0.2905247211456299,0.2075580656528473,0.08312410116195679,0.46421852707862854,0.21052174270153046,0.16952037811279297,0.26838141679763794,0.4439016878604889,0.199074387550354,0.17372679710388184,0.18523605167865753,0.5202130079269409,0.7277092933654785,-0.19131028652191162,0.8500867486000061,0.44688019156455994,0.7355841994285583,-0.18404027819633484,0.6059956550598145,2.5070458315218143,0.4676113724708557,0.3770630955696106,121.59141962033587,95.52100932516477,0.5098720941148832,-0.0042595542600059625,-0.05827865224029367,-0.22506952046824694,0.7461876527655448,179.99320514381725,0.5342725170990246,13,1762115096.601179
0.4854801297187805,0.6786277890205383,0.020346155390143394,0.9910640716552734,0.5199435949325562,0.5963689684867859,-0.10287831723690033,0.9987245798110962,0.43720492720603943,0.5975451469421387,-0.08033771812915802,0.9962527751922607,0.49183449149131775,0.3424949645996094,-0.005816740915179253,0.9999353289604187,0.43866682052612305,0.32854774594306946,0.005264478735625744,0.9998669624328613,0.4935797154903412,0.32803887128829956,0.2112925499677658,0.26809948682785034,0.4467758536338806,0.31524550914764404,0.21671347320079803,0.08592359721660614,0.46472710371017456,0.22569702565670013,0.1954430639743805,0.2717010974884033,0.43475407361984253,0.22099962830543518,0.1857665330171585,0.21517091989517212,0.5248855352401733,0.72859787940979,-0.17225950956344604,0.8575122356414795,0.44688844680786133,0.7176039218902588,-0.1525791585445404,0.6309652328491211,2.9174533435876433,0.4652506560087204,0.3355213552713394,85.06627346073546,75.26872662544321,0.48738558544734684,-0.030407215814170597,-0.5350785165462854,-0.3367950368737684,-6.141422151563969,179.18556190968513,0.6518973165565146,14,1762115096.6788156
0.48173362016677856,0.6773339509963989,0.017428290098905563,0.9918472170829773,0.5163072943687439,0.5953792333602905,-0.09430932253599167,0.9987460374832153,0.4391712248325348,0.5979719161987305,-0.07563512772321701,0.9964643716812134,0.49184972047805786,0.3392127752304077,-0.007411777041852474,0.9999345541000366,0.43911224603652954,0.3248438537120819,0.006960743572562933,0.9998711347579956,0.49335962533950806,0.34456244111061096,0.21660199761390686,0.2592616677284241,0.4471093714237213,0.3055213689804077,0.23001572489738464,0.09177619218826294,0.4664851129055023,0.24078220129013062,0.22936789691448212,0.28372496366500854,0.43554791808128357,0.2276896834373474,0.22986027598381042,0.24197718501091003,0.5243479013442993,0.7249988913536072,-0.0659554973244667,0.8574764728546143,0.4498506188392639,0.670689582824707,-0.05053643137216568,0.616141140460968,2.6520049860279187,0.4654809832572937,0.3320283144712448,95.36953280425051,94.47912142231813,0.492242011561925,0.0027992886326098925,-0.04245276868244907,0.4035761769498108,5.987140751552491,178.07490994181396,0.6378212840211261,15,1762115096.7610962
0.4816717207431793,0.6912917494773865,0.011610284447669983,0.9926374554634094,0.5151702761650085,0.5960201025009155,-0.08464355766773224,0.998803436756134,0.4402090907096863,0.6009624004364014,-0.07696419209241867,0.9967676997184753,0.48881760239601135,0.33237358927726746,-0.0037032808177173138,0.9999322295188904,0.43929749727249146,0.3278166949748993,0.00339787220582366,0.999875545501709,0.4978261888027191,0.3849133253097534,0.20032374560832977,0.2559293210506439,0.44741177558898926,0.35013291239738464,0.20985837280750275,0.10646490752696991,0.46936193108558655,0.28856971859931946,0.2550954222679138,0.29136618971824646,0.4398983120918274,0.28303050994873047,0.25296440720558167,0.2631383538246155,0.5215266942977905,0.7154707312583923,0.060030680149793625,0.824098527431488,0.4483565390110016,0.6810846924781799,0.09182696044445038,0.6127740144729614,2.9076170842974887,0.4640575498342514,0.3300951421260834,104.04677398677057,116.16371087496091,0.4732039639037487,-0.01807591638888132,-0.02454899618820979,-0.265090347367808,0.22735667816464206,176.2278669292641,0.7577676059190852,16,1762115096.8398438
0.48141375184059143,0.6907142996788025,0.006414612289518118,0.9933505654335022,0.513870120048523,0.5911399126052856,-0.08051060885190964,0.998793363571167,0.4401102066040039,0.6009965538978577,-0.07508939504623413,0.9970083832740784,0.48755812644958496,0.325081467628479,-0.0026841978542506695,0.9999173879623413,0.43951743841171265,0.32198086380958557,0.0023963949643075466,0.9998679757118225,0.49798840284347534,0.3771219849586487,0.18956731259822845,0.2521732449531555,0.4472108781337738,0.3327435851097107,0.20694907009601593,0.11850918084383011,0.47350043058395386,0.2744133770465851,0.2506764531135559,0.30121850967407227,0.4403859078884125,0.26256120204925537,0.24466261267662048,0.2834088206291199,0.5214812755584717,0.7167291641235352,0.0552724227309227,0.8042202591896057,0.44582074880599976,0.6876481771469116,0.11898674070835114,0.6007170677185059,2.82581598372613,0.4635377824306488,0.3235311657190323,104.6352118700756,114.91849189500418,0.4869069666922658,-0.007933962573150493,-0.10019547740705156,0.15481132798037336,-1.1547017889557782,172.38857702328534,0.8591668909190587,17,1762115096.9053555
0.47688785195350647,0.6937325596809387,0.006731071975082159,0.994003415107727,0.5182530283927917,0.6023486852645874,-0.085381880402565,0.9988558888435364,0.43974190950393677,0.6121453642845154,-0.07443073391914368,0.9972777962684631,0.4875546097755432,0.3331969976425171,0.0035833653528243303,0.9999058246612549,0.43971019983291626,0.3309604823589325,-0.003847939893603325,0.9998675584793091,0.4947408139705658,0.364169180393219,0.24112644791603088,0.2407139539718628,0.4407769739627838,0.32603633403778076,0.20905427634716034,0.14109332859516144,0.4718443751335144,0.2815896272659302,0.29876238107681274,0.3070886731147766,0.43520164489746094,0.24654504656791687,0.26570314168930054,0.3101861774921417,0.5220380425453186,0.719188928604126,0.06205696612596512,0.797879159450531,0.437284380197525,0.6904086470603943,0.16358791291713715,0.5987424850463867,3.1960080869729746,0.46363240480422974,0.3320787400007248,116.30514821689209,126.70750217907063,0.5109396249639359,0.0013793840518005415,0.12460464898042882,0.13576790897514113,3.2770865646951175,172.88735086552697,1.0792434774923705,18,1762115096.973953
0.4776208996772766,0.6900926232337952,0.01693461649119854,0.9945958256721497,0.5174208879470825,0.603291928768158,-0.08206622302532196,0.9989604949951172,0.4391224980354309,0.6132155656814575,-0.06840988248586655,0.9975330233573914,0.4873320162296295,0.3363906443119049,0.0043391273356974125,0.9999134540557861,0.43867963552474976,0.3365057706832886,-0.004779825918376446,0.9998778104782104,0.49668949842453003,0.3907108008861542,0.23121865093708038,0.23737449944019318,0.43852096796035767,0.3784840404987335,0.21721021831035614,0.15435251593589783,0.47153082489967346,0.2925379276275635,0.2390739619731903,0.33242714405059814,0.4336279034614563,0.2834759056568146,0.24842360615730286,0.34179288148880005,0.5233060717582703,0.7187325358390808,0.00011131739302072674,0.8103238344192505,0.43836790323257446,0.6185755133628845,0.15839464962482452,0.5802029967308044,3.2146209659010117,0.46300582587718964,0.33644820749759674,80.82113269116813,97.4715866104126,0.46232527570706383,-0.010335837918408601,0.07207728490130454,-0.19325041145935606,-0.8664739555920639,172.77677258991963,1.015904717210164,19,1762115097.034575
0.4778127074241638,0.6805155873298645,0.02021201327443123,0.9951256513595581,0.5173503756523132,0.6034339666366577,-0.07624689489603043,0.9990553259849548,0.4361637532711029,0.6125199794769287,-0.06049642711877823,0.9977667331695557,0.48725295066833496,0.3389703631401062,0.00737522030249238,0.9999191164970398,0.43807297945022583,0.33883583545684814,-0.007868422195315361,0.999885082244873,0.4996836185455322,0.411994606256485,0.21693649888038635,0.2373914122581482,0.43890848755836487,0.40039631724357605,0.21556410193443298,0.171418696641922,0.4714451730251312,0.2961433529853821,0.23057503998279572,0.348104864358902,0.43465274572372437,0.2963060736656189,0.2449560910463333,0.3654825687408447,0.5263288021087646,0.7186457514762878,0.022183675318956375,0.8213071823120117,0.4376295506954193,0.5733051300048828,0.17913007736206055,0.5663816928863525,2.9984148228324803,0.4626629650592804,0.3389030992984772,77.10647479173437,90.3556517027494,0.44229206091994144,-0.00538563879588642,0.038561304855852414,0.07775745448018963,-0.5264671638936702,173.61430617606538,0.86743095418799,20,1762115097.098237
0.4798192083835602,0.6762104630470276,0.0344475694000721,0.995600163936615,0.5169740915298462,0.6037214994430542,-0.06840800493955612,0.9991337656974792,0.43600282073020935,0.6155081987380981,-0.06070166081190109,0.9979719519615173,0.4868084788322449,0.35046857595443726,0.00953632965683937,0.9999245405197144,0.4374585747718811,0.3555714786052704,-0.010118057020008564,0.999891996383667,0.49914583563804626,0.4240434467792511,0.24784187972545624,0.22730687260627747,0.4341585636138916,0.4249880909919739,0.20311760902404785,0.17390988767147064,0.4795262813568115,0.3232805132865906,0.2386484444141388,0.3418286144733429,0.4329465925693512,0.3499968945980072,0.23366336524486542,0.3544940948486328,0.5283829569816589,0.7186329364776611,-0.04355661943554878,0.8307720422744751,0.4387984871864319,0.5993293523788452,0.05335281044244766,0.5572317242622375,3.2020148540603093,0.462133526802063,0.3530200272798538,67.50683825491895,94.14167469082408,0.39566574184665254,-0.006008021969102568,0.1601977422147669,-0.007062753261419284,1.3803203261823125,171.717829250912,1.3780605157788566,21,1762115097.186359
0.47919613122940063,0.6734090447425842,0.03325659781694412,0.9960281848907471,0.5168840289115906,0.6051813960075378,-0.06649065762758255,0.9992055296897888,0.4359924793243408,0.6148120164871216,-0.06848390400409698,0.9981581568717957,0.48607102036476135,0.3537963032722473,0.012804532423615456,0.9999270439147949,0.43695729970932007,0.35887759923934937,-0.013408677652478218,0.9998946785926819,0.49899181723594666,0.4275580048561096,0.24475912749767303,0.2200339287519455,0.4342573583126068,0.4283962547779083,0.20084218680858612,0.18313734233379364,0.48196253180503845,0.3219723105430603,0.28296101093292236,0.3363143801689148,0.4336875379085541,0.3457833528518677,0.2654901146888733,0.34674927592277527,0.5284546613693237,0.7186414003372192,0.018211860209703445,0.8376470804214478,0.4390448033809662,0.5425198674201965,0.1411883533000946,0.5328531861305237,3.3671206542998644,0.4615141600370407,0.35633695125579834,91.76554994856853,110.069031139669,0.41689832151534895,-0.010807152455081351,0.05787605198457436,-0.08373864686125974,-1.7853817289332992,173.21055463069752,1.6958132313801988,22,1762115097.2436697
0.4801516532897949,0.6739622950553894,0.030917111784219742,0.9963976740837097,0.5223421454429626,0.6082724332809448,-0.0712854191660881,0.999259352684021,0.43570923805236816,0.6181982159614563,-0.07536899298429489,0.9983105659484863,0.4860948920249939,0.3663516938686371,0.011253934353590012,0.9999303817749023,0.4370996057987213,0.3728683888912201,-0.011797754094004631,0.9998988509178162,0.498710572719574,0.4327054023742676,0.23676297068595886,0.21263329684734344,0.43144088983535767,0.4560107886791229,0.18902768194675446,0.18461546301841736,0.48218345642089844,0.33873406052589417,0.25331228971481323,0.3303542137145996,0.4317101836204529,0.37594103813171387,0.25049129128456116,0.3398544490337372,0.5280555486679077,0.7152795791625977,0.012329518795013428,0.839160144329071,0.44477835297584534,0.5458864569664001,0.09742341935634613,0.5356013774871826,4.091849394416752,0.4615972489118576,0.3696100413799286,83.16828703043126,105.0109765121586,0.3868125154651163,0.00129964087398518,0.2076120357559733,0.18936931686727654,2.3421066327416784,173.46395688367818,2.1437433060848528,23,1762115097.307602
0.48518699407577515,0.6836885213851929,0.016225671395659447,0.9966930150985718,0.5235387086868286,0.6116411685943604,-0.061092741787433624,0.9992486238479614,0.43560677766799927,0.6246784329414368,-0.08460891246795654,0.9984318614006042,0.48606643080711365,0.3806833028793335,0.013642644509673119,0.9999256134033203,0.4373796582221985,0.3875604271888733,-0.014059646055102348,0.9998942613601685,0.4987580180168152,0.46499645709991455,0.20381250977516174,0.19887399673461914,0.43254145979881287,0.4764171540737152,0.1546710878610611,0.1802537441253662,0.48099979758262634,0.3719736337661743,0.2823503911495209,0.3071342706680298,0.4321971535682678,0.40154850482940674,0.26006489992141724,0.32172831892967224,0.5261933207511902,0.7154263257980347,0.017686713486909866,0.821275532245636,0.4443999230861664,0.6772003769874573,0.004793482832610607,0.5593597292900085,4.361413859874105,0.46172304451465607,0.3841218650341034,105.53386499753367,116.83275165811709,0.39242709173729934,0.0016459785246791493,0.18988064413484154,0.004531671399066362,-0.23200723373309792,171.56645642750127,1.971849250003051,24,1762115097.384028
0.48267993330955505,0.6956724524497986,0.01062796451151371,0.9969979524612427,0.5244032144546509,0.619342565536499,-0.05255537107586861,0.9992875456809998,0.4357091784477234,0.6310083270072937,-0.08093802630901337,0.9985566735267639,0.48608502745628357,0.39180612564086914,0.016718965023756027,0.9999217987060547,0.4374484419822693,0.3992769122123718,-0.01703842356801033,0.9998929500579834,0.5026320219039917,0.5146766901016235,0.19182023406028748,0.19063320755958557,0.432709276676178,0.5166242122650146,0.10212327539920807,0.19068245589733124,0.4800812304019928,0.43042024970054626,0.28259509801864624,0.28618407249450684,0.4339345097541809,0.45203110575675964,0.2503099739551544,0.301909863948822,0.5261713862419128,0.7133032083511353,0.012459825724363327,0.8166034817695618,0.4449532628059387,0.6867162585258484,0.0331617072224617,0.5663736462593079,4.553776381786411,0.46176673471927643,0.3955415189266205,101.03290589849165,111.8636315648957,0.3617297711926945,0.0006413464600825263,0.16763379029633182,-0.0147474067451304,-0.3265707057515624,172.50700395810864,1.715101313362991,25,1762115097.4521506
0.4825860559940338,0.7122286558151245,5.726560630137101e-05,0.9971529841423035,0.5257284641265869,0.6260585784912109,-0.07315786182880402,0.9992761611938477,0.4357112944126129,0.6341403126716614,-0.09321588277816772,0.9985963106155396,0.48613590002059937,0.3975121080875397,0.014299677684903145,0.9999116063117981,0.43771323561668396,0.4042709767818451,-0.014639767818152905,0.9998742341995239,0.5030782222747803,0.49303653836250305,0.1765967160463333,0.18350231647491455,0.43311700224876404,0.49759525060653687,0.12865059077739716,0.1863653063774109,0.48236894607543945,0.411965012550354,0.3008529543876648,0.26848506927490234,0.4379138946533203,0.4406139850616455,0.29157787561416626,0.2819124460220337,0.5182904601097107,0.7150355577468872,0.019616644829511642,0.7831723093986511,0.44491928815841675,0.6666097044944763,-0.012837156653404236,0.5320788025856018,4.687831248974271,0.46192456781864166,0.4008915424346924,115.22350434888264,127.55905970263697,0.41227977470703003,0.002218989454772168,0.07521645203027479,0.022180221909667494,-1.2993035039877323,174.86974409797983,2.3620533089214355,26,1762115097.523279
0.4819868206977844,0.7278075218200684,-0.014839458279311657,0.9974072575569153,0.5226800441741943,0.630442202091217,-0.08800137788057327,0.9993293881416321,0.4354773163795471,0.6429604291915894,-0.09985063970088959,0.9987115859985352,0.4862925410270691,0.3974248170852661,0.01309501938521862,0.9999186992645264,0.437438428401947,0.4036317467689514,-0.013452759012579918,0.9998831748962402,0.5041366815567017,0.46755626797676086,0.1929153949022293,0.18730682134628296,0.4324328303337097,0.48600074648857117,0.15726932883262634,0.18444976210594177,0.48519983887672424,0.37869927287101746,0.26568466424942017,0.2739640176296234,0.4388781189918518,0.40128087997436523,0.2713985741138458,0.2855866253376007,0.5180433988571167,0.7204276323318481,0.02193715050816536,0.7812186479568481,0.44478940963745117,0.5947954654693604,0.01954977586865425,0.5030789971351624,4.168565146021139,0.46186548471450806,0.40052828192710876,106.78440905909679,117.53716138197392,0.44138801282857376,-0.0007772680937818552,-0.004778875558692073,-0.039417282273756245,-1.0523789617743715,171.8308202144863,2.755532258039417,27,1762115097.5992928
0.48196786642074585,0.7270439267158508,-0.006446301005780697,0.9975542426109314,0.5204392671585083,0.6348844766616821,-0.09635525196790695,0.9993450045585632,0.4347982406616211,0.6507111191749573,-0.09818083047866821,0.9987609386444092,0.4863983988761902,0.4016851782798767,0.011743471026420593,0.9999216794967651,0.43626388907432556,0.40981024503707886,-0.012066714465618134,0.9998842477798462,0.5044376850128174,0.4721062183380127,0.19444327056407928,0.1821819394826889,0.43240252137184143,0.4934607744216919,0.1854446828365326,0.17804808914661407,0.48442521691322327,0.37568703293800354,0.2951321303844452,0.2649843692779541,0.43666911125183105,0.41782426834106445,0.32212740182876587,0.2710827887058258,0.5179567337036133,0.7147361636161804,0.024193594232201576,0.7561373710632324,0.4467054307460785,0.6330761313438416,0.08921977877616882,0.47699233889579773,3.9305908006255077,0.4613311439752579,0.4057477116584778,113.95619511171958,128.02619938224623,0.45697058972010085,-0.0070920064173965874,0.06927457786947497,-0.08381199752446258,0.9828701582438063,169.52974522139075,2.0685465949984834,28,1762115097.6746368
0.4824569821357727,0.7284939289093018,-0.004098708741366863,0.9975793957710266,0.5204429030418396,0.6443198919296265,-0.09412868320941925,0.9993317723274231,0.43530282378196716,0.6580318212509155,-0.09829814732074738,0.9987967610359192,0.48675575852394104,0.40855908393859863,0.011271961033344269,0.9999212622642517,0.43587756156921387,0.4170045256614685,-0.011604620143771172,0.9998788237571716,0.504395604133606,0.4738723337650299,0.1990620344877243,0.17261935770511627,0.4307262897491455,0.5012215375900269,0.19022981822490692,0.16927404701709747,0.48399996757507324,0.3807189166545868,0.3193281292915344,0.25350648164749146,0.4294601380825043,0.42439892888069153,0.3293473422527313,0.25519582629203796,0.5182621479034424,0.7145743370056152,0.07035285234451294,0.7216723561286926,0.4463869035243988,0.6479299664497375,0.14545299112796783,0.4437730312347412,3.972749689515756,0.46131666004657745,0.41278180480003357,121.79203370619979,128.44155546615437,0.46342852869110396,-0.00023706947013510033,0.11513234915357419,0.11219996354260478,0.7505889996955463,170.85099538362982,1.5284679847532059,29,1762115097.7357326
0.477367103099823,0.7236496806144714,-0.009005213156342506,0.9972955584526062,0.520667314529419,0.6433724164962769,-0.1065373420715332,0.9993271827697754,0.43422025442123413,0.6561013460159302,-0.09815533459186554,0.9988141059875488,0.48703646659851074,0.41048669815063477,0.008863456547260284,0.999923586845398,0.4342685639858246,0.41798701882362366,-0.009267054498195648,0.9998770356178284,0.504218339920044,0.47244808077812195,0.20254437625408173,0.17479053139686584,0.4304739534854889,0.5165764093399048,0.2046079933643341,0.16303196549415588,0.48352211713790894,0.3754032552242279,0.3281286358833313,0.2559056580066681,0.42959532141685486,0.4419969320297241,0.35524433851242065,0.24323195219039917,0.5224917531013489,0.7009182572364807,0.058819256722927094,0.6872283220291138,0.44483622908592224,0.637086033821106,0.13715079426765442,0.40788474678993225,4.0783159636619635,0.46065251529216766,0.4142368584871292,123.3446510395135,128.910409178463,0.4718165955943357,-0.01051036462971068,0.02302682465778234,-0.1625791325743993,-1.4576079091700664,171.62365197801125,1.5564148991399829,30,1762115097.798922
0.47774118185043335,0.742222011089325,-0.02595042623579502,0.9970148205757141,0.5208342671394348,0.6486733555793762,-0.10834350436925888,0.9992963671684265,0.4342314600944519,0.6667576432228088,-0.10459617525339127,0.9987770915031433,0.4870394766330719,0.41376352310180664,0.007671180181205273,0.9999266266822815,0.43351516127586365,0.4218223989009857,-0.008100472390651703,0.9998771548271179,0.5045373439788818,0.47203904390335083,0.20559635758399963,0.18127603828907013,0.43057602643966675,0.510813295841217,0.22257502377033234,0.15690329670906067,0.48321717977523804,0.3583800792694092,0.30976900458335876,0.26399245858192444,0.4303451180458069,0.42487066984176636,0.3544366955757141,0.23864921927452087,0.5228985548019409,0.698145866394043,0.10093027353286743,0.6392806172370911,0.4452081322669983,0.6374108195304871,0.15730735659599304,0.3733736574649811,4.113704659041378,0.4602773189544678,0.4177929610013962,115.0019693194863,125.80655130558229,0.5015570488087618,-0.004371317739018841,0.041431251961789206,0.0715244843232316,0.2144253327302973,168.20505968475382,1.6012143590584085,31,1762115097.8847535
0.47687655687332153,0.7350209355354309,-0.027140337973833084,0.9968907833099365,0.5212549567222595,0.649331271648407,-0.10372906923294067,0.9992828369140625,0.4347829222679138,0.6696790456771851,-0.10514058917760849,0.9987854957580566,0.48716646432876587,0.41651955246925354,0.007475879043340683,0.9999255537986755,0.43356671929359436,0.4253951907157898,-0.007914256304502487,0.9998686909675598,0.5055145025253296,0.4693824350833893,0.20577454566955566,0.18402840197086334,0.43209728598594666,0.49882036447525024,0.21181157231330872,0.1523473709821701,0.48310694098472595,0.3579081594944,0.2903587222099304,0.27293238043785095,0.4308222830295563,0.41577842831611633,0.3257875144481659,0.23910804092884064,0.5246838331222534,0.6910192966461182,0.08372357487678528,0.6024948358535767,0.4460361897945404,0.6424784064292908,0.12727691233158112,0.349703311920166,4.232128761948941,0.4603665918111801,0.42095737159252167,111.00945948260629,125.44558404416155,0.4837274201097416,0.0012457622043524116,0.04415791382344819,0.07838380163889763,0.03804932894943833,166.75859297046054,1.4906204153466234,32,1762115097.9564147
0.4841870367527008,0.7425932884216309,-0.020720751956105232,0.9970491528511047,0.5245031118392944,0.6528317928314209,-0.0979904979467392,0.9992978572845459,0.4348295331001282,0.6741483211517334,-0.10213617980480194,0.9988081455230713,0.4880456328392029,0.4178698658943176,0.006864546798169613,0.999930202960968,0.43351030349731445,0.4268690347671509,-0.0073336088098585606,0.9998723864555359,0.5078265070915222,0.46646130084991455,0.22372761368751526,0.19984276592731476,0.43592891097068787,0.5098352432250977,0.23369932174682617,0.1487451046705246,0.4765683710575104,0.35784637928009033,0.29661718010902405,0.2912115752696991,0.43331584334373474,0.42193955183029175,0.3548744022846222,0.23608699440956116,0.5225091576576233,0.6944162845611572,0.13962240517139435,0.5643553733825684,0.44157013297080994,0.6770151257514954,0.17869940400123596,0.3287510573863983,4.479158509581616,0.46077796816825867,0.42236945033073425,109.28571452293167,125.02972714110261,0.49526947127693716,0.00605663182207495,0.020789821471195295,0.07082970500657149,-0.34404488572690545,166.62825821955897,1.1152387291444374,33,1762115098.0243363
0.4840467572212219,0.7443644404411316,-0.026949752122163773,0.9971296787261963,0.5246702432632446,0.6595271825790405,-0.09666531533002853,0.9993219375610352,0.43474236130714417,0.6763505935668945,-0.10119672119617462,0.998817503452301,0.4886114001274109,0.41834181547164917,0.003353304462507367,0.9999337196350098,0.4333442747592926,0.4293428957462311,-0.0038099803496152163,0.9998730421066284,0.5095297694206238,0.45914679765701294,0.22152654826641083,0.21920371055603027,0.440762996673584,0.502306342124939,0.23395606875419617,0.14581365883350372,0.4830765724182129,0.3480607569217682,0.2942642867565155,0.3072585463523865,0.44289761781692505,0.42259857058525085,0.3429187834262848,0.23455801606178284,0.5202680826187134,0.6958720088005066,0.1036258190870285,0.5334501266479492,0.43797197937965393,0.6873065233230591,0.1600637286901474,0.31913110613822937,4.387459931508666,0.46097783744335175,0.4238423556089401,110.93062324868937,126.76234681207596,0.498746690623865,0.0033006378329428904,0.02432353288580034,-0.045512438185690306,0.058355650613711854,169.4037763756936,1.5401333381551723,34,1762115098.084891
0.4855612814426422,0.7498288750648499,-0.0232804324477911,0.9971656203269958,0.5258785486221313,0.6615186333656311,-0.09587612748146057,0.9993450045585632,0.43450069427490234,0.6799002885818481,-0.1004469245672226,0.9988306164741516,0.49032965302467346,0.4232167899608612,0.0030512921512126923,0.9999379515647888,0.433336079120636,0.4343796968460083,-0.003516451921314001,0.9998758435249329,0.5095423460006714,0.45528048276901245,0.22131474316120148,0.23638446629047394,0.4401472210884094,0.4998079538345337,0.2351616621017456,0.14282943308353424,0.4843760132789612,0.342415452003479,0.2805098593235016,0.3298420011997223,0.4418606162071228,0.41920509934425354,0.3324795961380005,0.23775427043437958,0.519445538520813,0.7017237544059753,0.10555962473154068,0.5107205510139465,0.441387414932251,0.6769901514053345,0.1613043248653412,0.30104631185531616,4.339413608719492,0.4618328660726547,0.42879824340343475,107.84928830071375,125.04314934325451,0.4954089923704915,0.011259882322651947,0.0652641460856897,0.10481538659635117,0.5391474285764706,168.6261231263316,1.5652785512860787,35,1762115098.160827
0.4871543347835541,0.7476021647453308,-0.0306455846875906,0.9972034096717834,0.5260149240493774,0.66490238904953,-0.09553368389606476,0.9993717074394226,0.4345052242279053,0.6780328154563904,-0.10410968959331512,0.9989012479782104,0.4911741316318512,0.42430579662323,0.0031949474941939116,0.9999403357505798,0.4333832263946533,0.43625885248184204,-0.003660165937617421,0.9998745918273926,0.5091317892074585,0.45486077666282654,0.2356535941362381,0.25369763374328613,0.439795583486557,0.5064521431922913,0.2301875650882721,0.14066371321678162,0.4849187433719635,0.3420003354549408,0.2840828597545624,0.3563823997974396,0.44124293327331543,0.42291417717933655,0.32870572805404663,0.2416403740644455,0.5195262432098389,0.6651139259338379,0.1241806298494339,0.47334936261177063,0.43829545378685,0.6133074164390564,0.12092858552932739,0.280864417552948,4.263757552918274,0.46227867901325226,0.430282324552536,104.5089626042379,122.99964876287608,0.4974999669790199,0.005866826681726908,0.01953026951556225,-0.07097174588025369,-0.6018504688553962,171.83455025983818,1.579553336174033,36,1762115098.2368157
0.4883992075920105,0.7539340257644653,-0.03516709432005882,0.997239887714386,0.5264514684677124,0.6669249534606934,-0.0973774641752243,0.9993867874145508,0.4340512156486511,0.6829230189323425,-0.10603751987218857,0.9989343881607056,0.49281105399131775,0.42381277680397034,0.0032988935708999634,0.9999414086341858,0.4334236681461334,0.4352283179759979,-0.00376517022959888,0.9998694658279419,0.5113247036933899,0.46059033274650574,0.231083944439888,0.262326180934906,0.44081467390060425,0.5186799168586731,0.22477903962135315,0.1382511407136917,0.4872814118862152,0.34346628189086914,0.28442731499671936,0.3653896749019623,0.4428880214691162,0.4243803322315216,0.31673306226730347,0.24492299556732178,0.5200777053833008,0.6642875075340271,0.11714436113834381,0.4384772479534149,0.43872588872909546,0.6157060265541077,0.10818816721439362,0.2608368992805481,3.993889621328459,0.4631173610687256,0.42952054738998413,104.1289299893421,114.23326400818566,0.5001777038729365,0.012132885524092023,-0.011020332494050288,0.09064862438094495,-0.44196361953342495,170.1772592826059,1.5596235638816645,37,1762115098.3059404
0.49281683564186096,0.7620573043823242,-0.034995436668395996,0.9972894191741943,0.5274723768234253,0.6693387627601624,-0.09689393639564514,0.9993948340415955,0.4335816502571106,0.6870307326316833,-0.10592855513095856,0.9989942908287048,0.4944784641265869,0.4250662624835968,0.0033806643914431334,0.9999407529830933,0.4338928759098053,0.43681663274765015,-0.003845828352496028,0.9998649954795837,0.5158421397209167,0.4596900939941406,0.23045222461223602,0.26310205459594727,0.4430522918701172,0.5165188908576965,0.2270921915769577,0.13477197289466858,0.48924747109413147,0.3528699576854706,0.2913390100002289,0.3704036772251129,0.4444463849067688,0.42236489057540894,0.3141290545463562,0.24883490800857544,0.5201388597488403,0.6467291116714478,0.11477091163396835,0.4033929109573364,0.43617185950279236,0.6052116751670837,0.07907798886299133,0.24281129240989685,3.781417743692605,0.4641856700181961,0.4309414476156235,109.23128710547243,113.71534097786898,0.5049166804707327,0.01618375525064019,0.02152514167247563,0.061366409257523846,0.4930296509152505,169.32879535424186,1.2967994849279743,38,1762115098.3719516
0.4917296767234802,0.758316695690155,-0.04257235676050186,0.9973557591438293,0.5273222327232361,0.6722267866134644,-0.09765098243951797,0.9994213581085205,0.4336128830909729,0.6845628619194031,-0.1050051674246788,0.9990605711936951,0.4952395558357239,0.42514923214912415,0.003443567780777812,0.9999409914016724,0.43515563011169434,0.436601459980011,-0.003909243270754814,0.9998642206192017,0.5196746587753296,0.465480774641037,0.22889462113380432,0.26798179745674133,0.44524869322776794,0.5199143290519714,0.22441640496253967,0.1338428109884262,0.4914323389530182,0.35467419028282166,0.3062916696071625,0.37658917903900146,0.4469233453273773,0.4217156171798706,0.3235933184623718,0.2502836287021637,0.5203949809074402,0.6501930952072144,0.12453620135784149,0.37586769461631775,0.4302595555782318,0.5804946422576904,0.10489771515130997,0.22745998203754425,3.530215662715498,0.4651975929737091,0.43087534606456757,112.73209422576137,115.24316963929586,0.5150879484758258,0.013319000144351766,-0.000870033200906278,-0.03770610545626444,-0.2947668453870988,172.50059777096575,1.1494283701823045,39,1762115098.4479275
0.48689571022987366,0.7554580569267273,-0.0448879636824131,0.9971404671669006,0.5271989703178406,0.6732523441314697,-0.0989094004034996,0.9994393587112427,0.43362101912498474,0.6820502877235413,-0.10473229736089706,0.9991093277931213,0.4958813190460205,0.4249463379383087,0.0013010457623749971,0.9999423027038574,0.437321275472641,0.436271995306015,-0.001782280975021422,0.9998654723167419,0.5179185271263123,0.44581514596939087,0.22625240683555603,0.2779136300086975,0.4449787139892578,0.4856705069541931,0.23329296708106995,0.13294871151447296,0.4907630383968353,0.3457900285720825,0.26872119307518005,0.3950469493865967,0.4529292583465576,0.3985166847705841,0.294127881526947,0.2673121988773346,0.5197898149490356,0.6565380096435547,0.11408592760562897,0.3540293276309967,0.42765340209007263,0.5775033831596375,0.09041155129671097,0.21897347271442413,3.1992825806940584,0.46660129725933075,0.43060916662216187,105.67030981133966,113.1151021025901,0.5036157571483362,0.02173229966815915,-0.004121018555772517,0.13025560178324186,-0.05033210247517427,174.62899525588324,1.4378859223526437,40,1762115098.5125182
0.4865589141845703,0.7484465837478638,-0.04035123437643051,0.9970126748085022,0.5270527601242065,0.6733178496360779,-0.09003464877605438,0.999466598033905,0.4337565004825592,0.6780840754508972,-0.09718095511198044,0.9991687536239624,0.4973212778568268,0.42653387784957886,0.0014819360803812742,0.9999440312385559,0.4393128752708435,0.436745822429657,-0.0019455950241535902,0.9998679161071777,0.5165655016899109,0.4458315074443817,0.22517433762550354,0.2880381643772125,0.444552481174469,0.48740729689598083,0.2306874543428421,0.13410606980323792,0.4906952381134033,0.3455663323402405,0.26346516609191895,0.4148029088973999,0.45138534903526306,0.4001428782939911,0.28505033254623413,0.27746400237083435,0.5180323719978333,0.6499388813972473,0.09448166191577911,0.33955085277557373,0.42946282029151917,0.5724413990974426,0.07005296647548676,0.21351264417171478,2.835356990609653,0.46831707656383514,0.4316398501396179,104.27001517094244,109.67382835655224,0.49019279316314696,0.023307369682444578,0.014000939225624665,0.021395956346080124,0.24617103625846626,177.07547309022075,1.2697413216294138,41,1762115098.5861335
0.48258551955223083,0.7405377626419067,-0.043590836226940155,0.9963040351867676,0.526950478553772,0.672560453414917,-0.09280474483966827,0.9994720220565796,0.4337283670902252,0.6651196479797363,-0.09728802740573883,0.9992028474807739,0.4978119730949402,0.42646270990371704,0.001619637245312333,0.9999396204948425,0.4409515857696533,0.4364805817604065,-0.00204913760535419,0.9998583793640137,0.5202287435531616,0.46964216232299805,0.18890440464019775,0.28135207295417786,0.45024996995925903,0.49990785121917725,0.19873538613319397,0.1342628449201584,0.49161189794540405,0.3712237775325775,0.2859458923339844,0.4056474566459656,0.4573989808559418,0.4091513752937317,0.29962649941444397,0.2785012423992157,0.5181918144226074,0.6519842147827148,0.09844505786895752,0.32110801339149475,0.42880910634994507,0.5726964473724365,0.08058255165815353,0.20797277987003326,2.6430700325079046,0.46938177943229675,0.43147164583206177,119.10010685222322,120.56952960684853,0.48575719079696383,0.020136208482509223,-0.003181166412654324,-0.059974632308267245,-0.32495682274322557,-175.43643861106116,1.0207478107923709,42,1762115098.6390085
0.47913751006126404,0.744799792766571,-0.042505402117967606,0.9963468313217163,0.5269898176193237,0.674217164516449,-0.09359631687402725,0.999489426612854,0.43317729234695435,0.6653389930725098,-0.10134373605251312,0.999241828918457,0.4979611039161682,0.4271185100078583,0.0018625964876264334,0.9999394416809082,0.44085341691970825,0.43718740344047546,-0.0022560860961675644,0.9998565316200256,0.5199291110038757,0.47078564763069153,0.1983279287815094,0.2910337746143341,0.4494773745536804,0.5112981796264648,0.20253758132457733,0.13575634360313416,0.4948461055755615,0.36710527539253235,0.28580501675605774,0.4132871925830841,0.4564840793609619,0.41721975803375244,0.29984423518180847,0.28208231925964355,0.5166288018226624,0.6443021893501282,0.09760218858718872,0.30255523324012756,0.42956089973449707,0.5822908878326416,0.0855572372674942,0.2057676911354065,2.572520569837071,0.46940726041793823,0.43215295672416687,115.689872607003,116.142304728795,0.4866326477776474,0.00032272237270017845,0.008628954575788047,-0.25094222565749763,0.14957781935491093,-174.59377906373197,1.181117051763124,43,1762115098.717965
0.4795108437538147,0.7524160742759705,-0.04093180224299431,0.9964898824691772,0.527739405632019,0.6744548082351685,-0.09910871833562851,0.9995085597038269,0.43284279108047485,0.6715396642684937,-0.10509009659290314,0.9992809891700745,0.4994615912437439,0.42753639817237854,0.0019659323152154684,0.9999406933784485,0.4418257176876068,0.43707025051116943,-0.002341694664210081,0.999857485294342,0.5214874148368835,0.469902366399765,0.20929138362407684,0.29776591062545776,0.4504892826080322,0.5065504908561707,0.20393607020378113,0.13650816679000854,0.49504414200782776,0.36400213837623596,0.28593701124191284,0.4213401675224304,0.45858854055404663,0.41155001521110535,0.30031901597976685,0.2855672538280487,0.5198759436607361,0.64345383644104,0.09746651351451874,0.2858828008174896,0.4335247576236725,0.5865446925163269,0.09360189735889435,0.19540826976299286,2.295289014886286,0.47064365446567535,0.432303324341774,112.41758123937464,116.87588655860804,0.4945356899919009,0.019207495490557024,0.0023359747989732914,0.2933766910034092,-0.09776202085941738,-178.24047530354366,1.0517209270869459,44,1762115098.7823353
0.4799669682979584,0.7519662380218506,-0.04002342373132706,0.9964993000030518,0.5284966230392456,0.6737441420555115,-0.09922630339860916,0.9995282292366028,0.43286165595054626,0.6712504625320435,-0.10478540509939194,0.9993181824684143,0.5002579092979431,0.4285874664783478,0.0035373265855014324,0.99993896484375,0.4432108402252197,0.43747177720069885,-0.0038748416118323803,0.9998525977134705,0.5252293348312378,0.47923460602760315,0.20915429294109344,0.29285794496536255,0.4521927237510681,0.520546019077301,0.19556978344917297,0.13710463047027588,0.496793270111084,0.3748820722103119,0.29705002903938293,0.4097774028778076,0.45886439085006714,0.4233928322792053,0.3067223131656647,0.2800048589706421,0.5226659178733826,0.6358226537704468,0.10405419021844864,0.26925742626190186,0.4363773465156555,0.5876869559288025,0.1119542345404625,0.18554571270942688,2.1391576381857473,0.4717343747615814,0.4330296218395233,113.97877391392018,116.29752162375192,0.49131954443692877,0.01746278270827369,0.011628256513026052,-0.027933412736261546,0.1487724185986386,-178.5063523444051,0.8218874697594505,45,1762115098.844795
0.48011502623558044,0.7514596581459045,-0.03579368069767952,0.9965507388114929,0.5288807153701782,0.6740412712097168,-0.09899850189685822,0.9995467662811279,0.43287402391433716,0.671524167060852,-0.1040399819612503,0.9993549585342407,0.5007858276367188,0.4295593202114105,0.003819324541836977,0.999937891960144,0.4433971047401428,0.437832772731781,-0.004157702904194593,0.9998501539230347,0.5256580710411072,0.4806468188762665,0.2133135050535202,0.2923865020275116,0.4518013000488281,0.521744966506958,0.19989219307899475,0.1368889957666397,0.49735528230667114,0.3728826344013214,0.2949499487876892,0.4081290364265442,0.457744836807251,0.42385080456733704,0.3064712882041931,0.27802878618240356,0.5232177376747131,0.6275255084037781,0.1075839027762413,0.2530354857444763,0.4371071755886078,0.577896773815155,0.11231299489736557,0.17607733607292175,2.1045454777394523,0.4720914661884308,0.43369604647159576,111.3033959821057,115.13402453109576,0.48776669193633876,0.004617027900997851,0.008616563963291893,-0.16608970111060298,-0.03893979940665352,-178.49816287748618,0.7858149859633534,46,1762115098.9221373
0.48042064905166626,0.7517811059951782,-0.02854633890092373,0.9967591762542725,0.5289593935012817,0.6748785376548767,-0.09857155382633209,0.9995713233947754,0.433122456073761,0.6717064380645752,-0.10385843366384506,0.9993858337402344,0.5014277100563049,0.42945703864097595,0.005057157017290592,0.9999394416809082,0.44414466619491577,0.43777796626091003,-0.00541294040158391,0.9998512268066406,0.524939775466919,0.4776971638202667,0.2295171469449997,0.29523831605911255,0.45190390944480896,0.5215845108032227,0.2105013132095337,0.13775742053985596,0.4973519444465637,0.37218987941741943,0.2939985394477844,0.4104841947555542,0.457380473613739,0.42335057258605957,0.31254154443740845,0.27733176946640015,0.5231282114982605,0.6333010792732239,0.10645671933889389,0.24046413600444794,0.43849673867225647,0.5764510035514832,0.11093071848154068,0.16604550182819366,1.9725658627110545,0.47278618812561035,0.433617502450943,107.382177959091,114.92138723383361,0.48521659426864816,0.01074318843785717,-0.0012146056852118127,0.09473502062600445,-0.1520293263333617,-178.10426338158146,0.7465868084867799,47,1762115098.9868035
0.4850820004940033,0.7529776692390442,-0.020318467170000076,0.9969707131385803,0.5288943648338318,0.6781206130981445,-0.0976235568523407,0.9995981454849243,0.433448851108551,0.6764858961105347,-0.10076013952493668,0.9994271993637085,0.5013945698738098,0.429871529340744,0.004643984138965607,0.9999406337738037,0.4444325864315033,0.4378226399421692,-0.00503027206286788,0.999852180480957,0.5246606469154358,0.47826799750328064,0.23511949181556702,0.2970333397388458,0.4517374038696289,0.5214799046516418,0.2287309467792511,0.13542887568473816,0.49777570366859436,0.37029343843460083,0.30659621953964233,0.4154311418533325,0.4568287432193756,0.4230523407459259,0.3264668583869934,0.2764788269996643,0.5230522155761719,0.6235125064849854,0.1061142235994339,0.22718927264213562,0.4383465349674225,0.5739433169364929,0.10581103712320328,0.16051526367664337,1.9427271754612736,0.47291357815265656,0.4338470846414566,109.84038435736821,115.14477957404677,0.4903891796966268,0.002046405947192242,0.003688030930914829,-0.1397059708911055,0.07875643769606215,-179.01877811038813,0.7577702235298575,48,1762115099.0490541
0.4884932041168213,0.7537510395050049,-0.024941133335232735,0.9970163106918335,0.5293295979499817,0.6782277822494507,-0.10437612235546112,0.9996123909950256,0.4331698417663574,0.6759747266769409,-0.10100629180669785,0.9994508624076843,0.501561164855957,0.4300469756126404,0.003283365396782756,0.9999420046806335,0.4448378086090088,0.4379027485847473,-0.0036464310251176357,0.999853789806366,0.5261774659156799,0.4769217073917389,0.2330491989850998,0.3097498416900635,0.45145684480667114,0.5247185826301575,0.2247055321931839,0.13505181670188904,0.4990941882133484,0.3688296973705292,0.3032730519771576,0.42919060587882996,0.45584121346473694,0.424689918756485,0.32303327322006226,0.27971765398979187,0.5246399641036987,0.6266421675682068,0.10603073984384537,0.21940314769744873,0.43697699904441833,0.5764935612678528,0.1261620819568634,0.1539449840784073,1.8964454060287705,0.4731994867324829,0.43397486209869385,109.56717365947732,113.72339982317014,0.4918048942331157,0.003681843581422339,0.0016454791635324207,0.021060667574452283,-0.026303359343141156,-178.65778611066077,0.7092432386728703,49,1762115099.1267078
0.48940667510032654,0.75471031665802,-0.025949502363801003,0.9967666864395142,0.529826283454895,0.6781364679336548,-0.1032792180776596,0.9996089339256287,0.43317514657974243,0.6758852601051331,-0.0988045483827591,0.9994527101516724,0.501937210559845,0.4301204979419708,0.003387264907360077,0.9999384880065918,0.4448157250881195,0.4378277659416199,-0.003728901967406273,0.9998466968536377,0.5283795595169067,0.49125006794929504,0.21299953758716583,0.3000275194644928,0.4523438811302185,0.5268935561180115,0.2037837952375412,0.13355064392089844,0.49865955114364624,0.38393017649650574,0.30115070939064026,0.4174376130104065,0.4555637836456299,0.4315834939479828,0.320699542760849,0.2766798436641693,0.5246177911758423,0.6303265690803528,0.12044210731983185,0.2051251232624054,0.4371131360530853,0.5790448188781738,0.12096886336803436,0.14511451125144958,1.9145740024920137,0.47337646782398224,0.43397413194179535,110.87533953936315,117.6053136985296,0.48374828245810864,0.0026026874934258967,-1.0737702044107851e-05,-0.01587009114865478,-0.02435635855739664,-178.66570230350376,0.6131020106034578,50,1762115099.1947072
0.49216848611831665,0.7679884433746338,-0.04059112071990967,0.9970054030418396,0.5297747254371643,0.6818104982376099,-0.09083108603954315,0.999629557132721,0.43494439125061035,0.6889606714248657,-0.10091449320316315,0.9994890689849854,0.5031256079673767,0.4307667315006256,0.006443335674703121,0.9999376535415649,0.4464246332645416,0.4377714693546295,-0.006823944393545389,0.9998451471328735,0.527719259262085,0.48822852969169617,0.23025289177894592,0.3000119924545288,0.45230260491371155,0.5271786451339722,0.2053762972354889,0.1347082257270813,0.498496949672699,0.38003286719322205,0.3000253736972809,0.41768330335617065,0.4555050730705261,0.4299831688404083,0.30445703864097595,0.2779819369316101,0.521759569644928,0.6191001534461975,0.09136985242366791,0.19694185256958008,0.4369899332523346,0.5744625329971313,-0.03515300527215004,0.14113140106201172,1.7299708902534743,0.47477512061595917,0.43426910042762756,106.43547041558134,112.72460080969782,0.49951861411091286,0.02275014445767293,0.004797885294790604,0.3277136105691407,0.07821588635007164,175.6880776675202,0.5829285946254947,51,1762115099.256186
